project_code;project_name;studio
13042;SEA BREEZE VERANDAS BAUILIDING D REDESIGN;STUDIO 1
13056;THE VERANDA (PHASE2 BUILDING A2 + B2);STUDIO 3
13058;BPI CEBU CORPORATE CENTER;STUDIO 3
13089;NORTHGATE ALABANG BPO;STUDIO 3
13113;ALVEO DESIGN STANDARDS AND GUIDELINES;STUDIO 3
13121;HSS VERVE RESIDENCES TOWER 2;STUDIO 3
14048;LEGASPI MIXED-USED DEVELOPMENT;STUDIO 2
14098;CENTRIS WALK EXTENSION - RETAIL STRIP;STUDIO 1
14099;WIDUS CLARK TOWER 3;STUDIO 1
14101;ETON CITY MASTERPLANNING;STUDIO 1
14112;THE BAY MALL;STUDIO 3
15005;HERMES BOUTIQUE GRRENBELT 3;STUDIO 2
15009;MAXIMS HOTEL LOCAL COUNTERPART ID;undefined
15019;WIDUS MIXED-USE DEVELOPMENT;STUDIO 1
15023;ETON CENTRIS MASTERPLANNING;STUDIO 1
15041;HMRID WAREHOUSE;STUDIO 3
15058;GRIND GASTROPUB RESTAURANT;STUDIO 2
15070;VERTIS NORTH PARCEL O SITE PLANNING;STUDIO 2
15086;CITI TOWER LEVEL 31 PILOT FITOUT;STUDIO 2
15094;SHERATON BACK OFFICE;STUDIO 2
15106;SUNTECH IPARK BPO BUILDING 2;STUDIO 3
15130;IMMACULATE CONCEPTION ACADEMY;STUDIO 1
15166;SUPERSTAR MASTERPLAN;STUDIO 1
15173;KIDZANIA BOH EXTENSION OFFICE;STUDIO 2
16025;CIVIL REGISTRY - IT PROJECT PHASE 2;STUDIO 6
16030;CITI PLAZA ADDTL ID SERVICES;STUDIO 2
16031;CITI PLAZA EGD;STUDIO 2
16105;ETON CITY STAND ALONE RETAILS;STUDIO 1
16137;GENSLER CITI PLAZA 16F;STUDIO 2
17022;ATLAS OFFICE ID ENHANCEMENT;STUDIO 2
17047;LA FILIPINA BGC-ID;STUDIO 3
17122;CGC MASTERPLAN;STUDIO 4
17126;AG NEW WORLD ANNEX BUILDING;STUDIO 1
17150;MANDANI BAY BOARDWALK;STUDIO 5
17153;GAMING CAFE OUTLET;STUDIO 4
18008;GUADANOVILLE MASTERPLANNING;undefined
18068;MAKINO OFFICE ID;STUDIO 2
18148;L'AVENIR CLARK;STUDIO 1
18165;NET PARK AURORA CODE REVIEW;STUDIO 2
18171;*LUISITA-BTS OFFICE TEST-FIT;STUDIO 1
18213;*ACCI RENOVATION PROJECT;STUDIO 2
18216;MANULIFE 6789 RENOVATION;STUDIO 2
18217;ROBINSONS LUISITA VILLAS TEST FIT;STUDIO 1
18229;DLI BPO BULACAN;STUDIO 3
18235;DINSMORE RENDERING;STUDIO 2
18262;*ULI LIBRARY ID;STUDIO 2
19001;ISOC CLARK SCALE MODEL;STUDIO 4
19040;UDENNA 10TH AND 11TH FLOOR DESIGN BUILD;STUDIO 2
19059;PROJECT GARNET - BIM;STUDIO 1
19087;PROJECT CORAL RENDERING;STUDIO 2
19111;*ROD HENSON RESIDENCE;STUDIO 2
19128;JUNCTION RENDERING;STUDIO 2
19163;ISOC BPO;STUDIO 4
19174;DLI CLARK DORMITEL;STUDIO 3
19186;PARKLINKS RENDERING;STUDIO 2
19226;THE JUNCTION PLACE RENDERING;STUDIO 2
19246;ISOC CLARK CASINO;undefined
19252;P&G NET PARK RENOVATION;STUDIO 2
19265;PROJECT HOLLOW;STUDIO 6
20004;PROJECT BARRIO;STUDIO 6
20006;NOVELLINO MP;STUDIO 6
20007;FERRARI SHOWROOM;STUDIO 4
20016;HABI BEACH RESORT;STUDIO 3
20018;Banyan Tree Manila -BP SET;STUDIO 1
20027;DGT- PREMIER OFFICE;STUDIO 1
20046;PHILEXCEL BPO COMPLEX PHASE 1;STUDIO 4
20049;DLI CLARK BPO PH1;STUDIO 3
20050;DLI CLARK HOTEL PH1;STUDIO 3
20051;NESTLE  ID RENDERING;STUDIO 2
20055;BACLARAN CHURCH MASTERPLAN;undefined
20057;AEON GRACE PROPERTY MIXED USE;STUDIO 6
20058;AEON CHINA TOWN  MIXED USE;STUDIO 6
20063;DATEM ETON BPO PHASES 1 & 2;STUDIO 5
20064;DATEM ETON RETAIL STRIP;STUDIO 5
20069;GARDEN TOWERS - TOWER 2 SUPPLEMENTARY SERVICES;undefined
1309502;ONE & TWO PASEO VARIATION ORDER NO. 02;STUDIO 4
1310203;DOWELL TOWER EXTENSION OF CONSTRUCTION VO.03;STUDIO 3
1405102;WEST END MAKATI VARIATION ORDER NO. 02;STUDIO 3
1504101;HMRID WAREHOUSE - JRDC;STUDIO 3
1506802;CALLISTO TOWER 1 VARIATION ORDER NO.2;STUDIO 4
1506803;CALLISTO TOWER 2  VARIATION ORDER NO.3;STUDIO 4
1506804;CALIISTO TOWER 1 VARIATION ORDER NO.4;STUDIO 4
1607302;MANDANI BAY QUAY VO NO.2;STUDIO 5
1607304;MANDANI BAY QUAY VO NO.4;STUDIO 5
1702901;DAVAO CENTRRALLE VO NO. 01;STUDIO 3
1704401;AUREO APARTELLE BUILDING VARIATION ORDER NO.01;STUDIO 3
1705602;UDENNA OFFICE INTERIORS VARIATION ORDER NO.02;STUDIO 2
1706801;MGI DISTRIBUTION CENTER VARIATION ORDER NO. 1;STUDIO 4
1712201;CGC MASTERPLAN REALIGNMENT;STUDIO 4
1712401;SLMC DAVAO VARIATION ORDER NO. 01;STUDIO 2
1712402;SLMC DAVAO VARIATION ORDER NO. 02;STUDIO 2
1712405;SLMC DAVAO VARIATION ORDER NO. 05;STUDIO 2
1712406;SLMC DAVAO VARIATION ORDER NO. 06;STUDIO 2
1712407;SLMC DAVAO VARIATION ORDER NO. 07;STUDIO 2
1713101;EMERALD VO No. 01;STUDIO 4
1720101;HABI BEACH RESORT VARIATION ORDER NO.01;STUDIO 3
1722302;PATIO SUITES TOWER 2 VARIATION ORDER 2;STUDIO 3
1800903;WEST AEROPARK PHASE 2 CONSTRUCTION SERVICES V.O NO.03;STUDIO 4
1800904;WAP 2ND EXTENSION OF CONSTRUCTION;STUDIO 4
1806902;GOOGLE VERTIS NORTH VARIATION ORDER NO.02;STUDIO 2
1813601;MANULIFE VARIATION ORDER;STUDIO 2
1813602;MANULIFE EGD;STUDIO 2
1912501;WHITE & CASE MANILA ATG - VARIATION ORDER NO.01;STUDIO 2
1922701;CLI ABACA HOTEL-VARIATION ORDER NO.01;STUDIO 3
1924201;MLA RESIDENTIAL SIERRA MADRE -VARIATION ORDER NO.01;STUDIO 2
15057G;SBV BLDG E - BIM;STUDIO 1
16010;EDI SUPPORT FACILITIES;STUDIO 1
17131H01;THE EMERALD HOTEL RESORT & CASINO-SITE ARCHITECT EXTENSION OF CONTRACT;STUDIO 4
17145;ABS-CBN Q.C. MASTERPLANNING;STUDIO 2
17185;ROBINSON'S LUISITA MP;STUDIO 1
17212;LEGAZPI MIXED USE INTERIM  PODIUM PARKING;STUDIO 2
18016J;UST GENSAN CAMPUS -PHASE1B;STUDIO 1
18051;CORON MASTERPLANNING;STUDIO 1
18152;CARMELTOWN MASTER PLAN;STUDIO 1
18163;CLARK MONACO PLAZA  MP (ISOC CLARK INTEGRATED HOTEL AND CASINO);STUDIO 4
19088;ISOC IBIS HOTEL;STUDIO 4
19144;PHILEXCEL RETAIL REDEVELOPMENT;STUDIO 4
19166;KZ SODA FOUNTAIN - ID;STUDIO 2
19198J;PROJECT ESPADA ID;STUDIO 2
19265J;PROJECT HOLLOW ID;STUDIO 7
20096;DDTKI SUNNY COAST;STUDIO 3
18138;THE MAPLE CENTER (CHALCEDONY PLACE);STUDIO 3
18188;CCPI OFFICE FIT-OUT;STUDIO 3
14119;LBL BUILDING RENOVATION;STUDIO 3
16028;PAZ MADRIGAL;STUDIO 3
17201;LIO LONG STAY HOTEL;STUDIO 3
16035;WEST END SQUARE: ID EGD LANDSCAPE SPECIAL LIGHTING FAÇADE;STUDIO 3
18103;DATA LAND OFFICE BUILDING (DDT SKY TOWER);STUDIO 3
17188;*YU RESIDENCE;STUDIO 3
15169;LATITUDE CORPORATE CENTER;STUDIO 3
13104;STILES ENTERPRISE - EXTENSION OF CONSTRUCTION;STUDIO 3
15077;THE GENTRY;STUDIO 3
13111;PARK TRIANGLE CORP PLAZA NORTH;STUDIO 3
14066;PARK TRIANGLE CORP PLAZA SOUTH;STUDIO 3
16094;PROJECT THEODORE DATA CENTER (GLOBE ROOSEVELT);STUDIO 3
18034;AUREO PHASE 4;STUDIO 3
16107;38 PARK AVENUE;STUDIO 3
17115;ONE VERTIS PLAZA;STUDIO 1
18059;SOUTHKEY HUB 2 (NORTHGATE ALABANG BPO 2);STUDIO 3
14055;HIGH PARK TOWER 2;STUDIO 3
15069;OREAN PLACE;STUDIO 3
16085;110 BENAVIDEZ CITADINES ID;STUDIO 3
14110;KEYLAND BENAVIDEZ LEGASPI;STUDIO 3
16039J;ACI GATEWAY MALL 2 - CD TO CS;STUDIO 3
19281;*GRAND WESTSIDE HOTEL - LANDSCAPE;STUDIO 3
19282;*BAYSHORE RESIDENTIAL HOTEL - LANDSCAPE;STUDIO 3
17029;DAVAO CENTRAL HOTEL;STUDIO 3
17223;PATIO SUITES TOWER 2 LITE;STUDIO 3
18123;PROJECT RUBY - DLR CIVIC & RETAIL;STUDIO 3
18060;CITADINES/LYF SALCEDO (CITADINES SALCEDO) / CITADINES LEVISTE;STUDIO 3
19080;VIBE TOWER 3;STUDIO 3
19227;CLI ABACA HOTEL;STUDIO 3
19180;NORTHGATE B45L1;STUDIO 3
18260;PARKFORD SUITES;STUDIO 3
19065;BAGUIO OFFICE BUILDING;STUDIO 3
19061;38 PARK PHASE 2 & 3;STUDIO 3
19023;DDTKI PARK MCKINLEY WEST;STUDIO 3
19068;PROJECT GENESIS  (ALP-HYUNDAI);STUDIO 3
19099;PROJECT AZUELA;STUDIO 3
14051;WEST END SQUARE;STUDIO 3
13004;MANGO TREE RESIDENCES;STUDIO 3
18232;PROJECT RUBY - BPIDLR REDEVT.;STUDIO 3
18108;OREAN TOWER 2;STUDIO 3
19109;Geo Estate Tower Roxas Blvd;STUDIO 3
1200406;GARDEN TOWER T1: VARIATION ORDER - EXTENDED CONSTRUCTION STAGE;STUDIO 4
13029;GARDEN TOWERS TOWER 2;STUDIO 4
13063;HIGH PARK TOWER 1;STUDIO 3
14012;GRAND TOWER CEBU;STUDIO 2
1401206;GRAND LAND MIXED USE DEVT - EXTENSION OF CONSTRUCTION SERVICES;STUDIO 2
14032;THE PADDINGTON PLACE;STUDIO 1
1405101;WEST END SQUARE VARIATION ORDER NO. 01;STUDIO 3
14087;SOUTHKEY PLACE;STUDIO 3
14093;UDENNA TOWER;STUDIO 3
15110;HORIZON SOUND STAGE PHASE 1;STUDIO 2
\N;AYALA NORTH EXCHANGE CITYGATE RESIDENTIAL COMMERCIAL RETAIL (AYALA NORTH EXCHANGE) FOR OFFICE/BPO-;undefined
\N;AYALA NORTH EXCHANGE CITYGATE RESIDENTIAL COMMERCIAL RETAIL (AYALA NORTH EXCHANGE)-FOR RETAIL;undefined
13107;AYALA NORTH EXCHANGE;STUDIO 3
15118;PROJECT SUPERSTAR;STUDIO 1
15040;CAGAYAN SHRIMP PROCESSING PLANT;STUDIO 1
15146;ETON CITY COMMERCIAL DEVELOPMENT;STUDIO 1
16002;BLUE WATER MARIBAGO EXPANSION;STUDIO 5
16016;SANTOR WAREHOUSE PHASE 2;STUDIO 1
16017;PROJECT CHEWEE;STUDIO 1
16019;PARK TRIANGLE RESIDENCES;STUDIO 1
16028J;PAZ MADRIGAL PLAZA - DDTKI (DD CD CS PHASE );STUDIO 3
16037;KASA LUNTIAN PHASE 2;STUDIO 6
16044;SUPERSTAR HOTEL;STUDIO 1
16045;SUPERSTAR BPO;STUDIO 1
16052;PHILAM VALERO COMMON AREAS RENOVATION;STUDIO 2
1605402;SLMC QC VARIATION ORDER NO. 02;STUDIO 5
16060;WIDUS HOTEL CASINO AND HOTEL EXPANSION;STUDIO 1
16070;PROJECT SEABREEZE PHASE 1 (ROBINSONS DUMAGUETE);STUDIO 5
16073;MANDANI BAY BLOCK 1A & 1B;STUDIO 5
1607301;MANDANI BAY QUAY VO NO.1;STUDIO 5
1607305;MANDANI BAY QUAY VO NO.5;STUDIO 5
16073A;MBQ T1 MARKETING REQUIREMENT;STUDIO 5
16073A1;MBQ TOWER 2 MARKETING REQUIREMENTS;STUDIO 5
16073A2;MBQ TOWER 4 MARKETING REQUIREMENTS;STUDIO 5
16077;PNB MANILA BAY;STUDIO 5
16097;DRUG REHAB CENTER REV-1;STUDIO 1
16109;ALG-CIT;STUDIO 1
16117;LANDMARK BGC;STUDIO 5
16124;MI CASA (PROJECT R8-R14);STUDIO 5
16124E;MI CASA INTERIOR RENDERING;STUDIO 5
16135;PROJECT AWAKENS;STUDIO 1
16148;AMIGO TERRACES;STUDIO 2
16150;ETON CITY SQUARE PHASE 2;STUDIO 1
17027;D&L INNOVATION & TECHNOLOGY CENTER;STUDIO 3
17027J;D&L INNOVATION & TECHNOLOGY CENTER -ID;STUDIO 3
17044;AUREO APARTELLE BUILDING;STUDIO 3
17056;UDENNA OFFICE INTERIORS;STUDIO 2
17090;CENTRIS WALK EXTENSION CLUSTER 4;STUDIO 1
17119;MMC CITYGATE BRIDGEWAY;STUDIO 3
17124;SLMC DAVAO;STUDIO 2
17131;EMERALD INTEGRATED RESORT;STUDIO 4
17134;CAVDEAL CATICLAN DORMITORY  D&B;STUDIO 5
17163;3-BEDROOM ACCOMMODATION - SOLAIRE A&A ID;STUDIO 2
17168;CASINO CEILING ID;STUDIO 2
17195;ONE LE GRAND TOWER;STUDIO 5
17206;BPI MSE OFFICE ID;STUDIO 2
17214;56 CENTRAL (ARCA SOUTH OFFICE BUILDING);STUDIO 5
17224;CEBU COURTYARD MARRIOTT;STUDIO 1
17230;BACOOR RECLAMATION MASTERPLAN (FRABELLE FISHING CORP);STUDIO 5
17230J;DEC BACOOR COASTAL RECLAMATION AND DEVELOPMENT PROJECT (DIAMOND EXPORT CORP);STUDIO 5
18009;WEST AEROPARK PHASE 2 CONSTRUCTION SERVICES;STUDIO 4
1800902;WAP2 EXTENSION OF CONSTRUCTION;STUDIO 4
18015;NEW CLARK CITY STADIUM;STUDIO 6
18035;THE EMERALD PROJECT BOH ID;STUDIO 4
18050;NEW CLARK CITY AQUATIC CENTER;STUDIO 6
18053;MACTAN SEAGROVE HOTEL;STUDIO 5
18075;PROJECT KAIZEN;STUDIO 1
18077;SDC TORDESILLAS OFFICE;STUDIO 5
18078;OREAN PLACE TOWER 2;STUDIO 3
18080;DAIICHI CORPORATE HQ INTERIORS;STUDIO 5
18091;JADE PACIFIC SMH;STUDIO 1
18104;DFNN OFFICE ID UDENNA SITE CLARK SITE;STUDIO 2
18124;BLUEWATER HOTEL EXPANSION;STUDIO 5
18134;SOLAIRE CLOAKROOM;STUDIO 2
18136;MANULIFE OFFICE ID;STUDIO 2
18142;PROJECT ISABEL - BPI HQ (PROJECT RUBY - DLR 1);STUDIO 6
18149;PULLMAN;STUDIO 4
18151;PROJECT GARNET;STUDIO 1
18160;SOLAIRE PRESIDENTIAL & CHAIRMAN'S SUITE;STUDIO 2
18170;CITY OF DREAMS MANILA RENOVATION;STUDIO 2
18172;NEW SENATE BUILDING (PROJECT VIZARD);STUDIO 5
1817203;NEW SENATE BUILDING - VO NO. 03;STUDIO 5
18182;ISOC SUCAT RESIDENTIAL;STUDIO 4
18182B;ISOC RESIDENCES SHOWROOM;STUDIO 4
18183;ISOC ARNAIZ OFFICE;STUDIO 4
18192;TGT REDEVELOPMENT;STUDIO 2
18204;KEYLAND LEVADO;STUDIO 2
18223;*TAJARA PANGLAO;STUDIO 5
18236;PHILEXCEL ANNEX WAREHOUSE DEVELOPMENT;STUDIO 1
18249;18 AVENUE DE TROIMPHE;STUDIO 5
18256;SOLAIRE L3 VIP WALL;STUDIO 2
18261;THE PLAZA (FLI SSR TOWER 7);STUDIO 5
18264;GOOGLE E-BLOC DUE DILIGENCE;STUDIO 2
18265;LUISITA BUILD TO SUIT OFFICE;STUDIO 1
18283;*LAMASUTA RESIDENCE;STUDIO 2
18284;*SANTOS RESIDENCE;STUDIO 2
19021;DDTKI CLARK MASTERPLAN;STUDIO 3
19027;TAGAYTAY RESIDENTIAL  RESORT;STUDIO 4
19030;SOLAIRE ARTWORK & DRAPERY;STUDIO 2
19032;VERMOSA SPORTS HUB MASTERPLAN;STUDIO 6
19035;RP ANTIPOLO MASTERPLAN;STUDIO 1
19052;MANDANI BAY MASTERPLANNING;STUDIO 5
19058;SOLAIRE BAY LEVEL 2;STUDIO 2
19075;CAGAYAN SHRIMP PROCESSING PLANT - ID;STUDIO 1
19077;W OFFICE BGC;STUDIO 3
19085;PROJECT AWAKENS BIM;STUDIO 1
19081;SOLAIRE VILLA 1 REFURBISHMENT;STUDIO 2
19084;QUASHA LAW OFFICE -ID;STUDIO 2
19101;*WACK WACK GOLF LOUNGE;STUDIO 2
19112;ARUP OFFICE FIT-OUT;STUDIO 2
16073A3;MANDANI BAY MARKETING PLANS TOWER 3;STUDIO 5
19176;917V INCUBATOR SPACE;STUDIO 2
19178;CEDARSIDE HOTEL CITADINES CONNECT;STUDIO 5
19188;TAGAYTAY RESIDENTIAL RESORT - DD TO CS - A&E;STUDIO 4
19190;G-E ROXAS BLVD RESIDENTIAL BLDG_(previously 18187);STUDIO 3
19198;PROJECT ESPADA;STUDIO 5
19199;UNIOIL OFFICE AND DORMITORY;STUDIO 4
19204;BGC WESTGATE PARKING;STUDIO 1
19215;GOOGLE VERTIS NORTH EXPANSION;STUDIO 2
19263;PHILEXCEL BPO;STUDIO 4
17014;SOUTHERN STAR;STUDIO 6
1701401;SOUTHERN STAR- VARIATION ORDER NO.01;STUDIO 6
18228;ROBINSON LUISITA RESORT HOTEL;STUDIO 1
19070;COURTYARD CEBU HOTEL;STUDIO 1
19238;SOLAIRE WATERSIDE RESTOBAR;STUDIO 2
19253;*VERGARA RESIDENCE;STUDIO 6
19160;GRAMANS BPO;STUDIO 1
19177;BPI DAVAO LANANG;STUDIO 2
19194;TANAY RESIDENTIAL RESORT;STUDIO 4
19205;BPI BUENDIA CENTER;STUDIO 2
19221;BENCH HQ;STUDIO 4
19261;PROJECT RADA;STUDIO 5
19270;GRAMANS MIXED-USE MASTERPLAN;STUDIO 1
20002;MANDANI BAY PHASE 3;STUDIO 5
19232;ARQ BEACH RESORT;STUDIO 1
19284;PROJECT SRP 2 RENDERINGS;STUDIO 5
20001;NESTLE ROCKWELL;STUDIO 2
20005;FIRST TAAL;STUDIO 6
19158;PARK TRIANGLE RETAIL PODIUM EXTERNAL LIGHTING;STUDIO 1
19260;SAMAL RESIDENTIAL MP CONCEPT;STUDIO 5
20011;BENCH DORM;STUDIO 4
20013;P&G NET LIMA;STUDIO 2
20019;ULTICON HARBOR CITY MP;STUDIO 5
19130;LANGUIDINGAN AIRPORT;STUDIO 5
19154;SEAGROVE MASTERPLANNING RENDERINGS;STUDIO 5
1920501;BPI BUENDIA CENTER V.O NO.01 - COFFEE LOUNGE;STUDIO 7
19283;(LEAD) SOLVIENTO PHASE 4 MASTERPLAN;STUDIO 1
20017;CORON SALES PAVILLION;STUDIO 4
20028;ISOC CLARK NEO MASTERPLAN;STUDIO 4
20029;MANDALA PARK DEVELOPMENT;STUDIO 4
20033;CL SALES LOUNGE (CITADINES LEVISTE SHOWROOM);STUDIO 2
20038;GARDEN TOWERS SUPPLEMENTARY SERVICES;STUDIO 4
20039;PARK TERRACES SUPPLEMENTARY SERVICE;STUDIO 4
20048;CABADBARAN SPORTS COMPLEX MP;STUDIO 1
16073A4;MANDANI BAY MARKETING PLANS;STUDIO 5
1612408;MICASA TOWER 2 & 3 REDESIGN;STUDIO 5
1713102;THE EMERALD PROJECT VARIATION ORDER NO.02;STUDIO 4
1713103;THE EMERALD PROJECT VARIATION ORDER NO.03;STUDIO 4
1812402;BLUEWATER BOARDWALK;STUDIO 5
19150;BTS LUISITA 3;STUDIO 1
19159;CHEVRON PILOT OFFIICE;STUDIO 2
19195;BLUEWATER MASTERPLAN;STUDIO 5
19200;BPI DAVAO ANNEX BLDG;STUDIO 2
20030;TRANSASIA (OKADA) MASTERPLAN;STUDIO 1
20061;BPI MSE EXTENSION;STUDIO 2
20072;HT LAND MANDANI BAY PHASE 3B;STUDIO 5
19057;NOVOTEL SUITES;STUDIO 5
19069;NOVOTEL HOTEL;STUDIO 5
19095;MC HOME DEPOT;STUDIO 5
19179;URC MASTERPLANNING;STUDIO 4
20010;CGC FOOD AND WELLNESS HUB;STUDIO 4
20022;MANDAUE MIXED USE TEST FIT;STUDIO 4
20041;MANDALUYONG CITY GYMNASIUM;STUDIO 6
20044;SOLAIRE FOOD COURT RENOVATION;STUDIO 2
20052;SHANG MAKATI TEST FIT;STUDIO 4
20078;NEC PAMPANGA MP;STUDIO 6
20079;BPI NORTH TOWER;STUDIO 6
20080;BPI SOUTH TOWER;STUDIO 6
20082;PROJECT AGE;STUDIO 4
19145;*LLENADO CLINIC;STUDIO 2
20075;AEON BLEU;STUDIO 5
20115;MANULIFE LEV 7 RE-MEASUREMENT;STUDIO 2
1507525;MANDANI BAY SUITES-2ND EXTENSION OF CONSTRUCTION;STUDIO 5
1926101;PROJECT ELURIA - VARIATION ORDER NO.01;STUDIO 5
20105;DGT SE BLOCK RESIDENCES;STUDIO 4
20118;MBS PODIUM RETAIL MARKETING;STUDIO 5
20119;MBQ PODIUM RETAIL MARKETING;STUDIO 5
20120;MBQ PODIUM HLURB;STUDIO 5
20128;PROJECT GENESIS (BANYAN TREE);STUDIO 1
20112;PLANTATION HQ FACILITIES;STUDIO 1
20101;BPI UPTOWN BGC ID;STUDIO 2
20085;SYMRISE ID;STUDIO 2
20100;DRAPER HOUSE INCUBATOR SPACE;STUDIO 2
19205001;BPI CANTEEN BUENDIA;STUDIO 2
20124;ISOC MIDLAND  RESIDENCES;STUDIO 4
14107Z2;NORTH BANK TOWER B;STUDIO 4
1302902;GARDEN TOWER 2 - EXTENSION OF CONSTRCUTION;STUDIO 4
20088;ISOC N DOMINGO RESIDENTIAL;STUDIO 4
20020;MANDANI BAY QUAY - SIGNAGES;STUDIO 5
16073G;MANDANI BAY QUAY - BIM;STUDIO 5
18016;UST GENSAN CAMPUS PHASE 1;STUDIO 1
\N;19122;undefined
15075;MANDANI BAY SUITES;STUDIO 5
15073;PATIO SUITES TOWER 1;STUDIO 4
15068;CALLISTO TOWER 1 & 2 (TOWER 1);STUDIO 4
15068/01;CALLISTO TOWER 2 (FORMERLY CIRCUIT RESIDENTIAL TOWER 4)- USED IN THE SO OF TOWER 2;STUDIO 4
14107Z1;FOUNDRY MALL;STUDIO 4
1401801;ANILAO BEACH RESORT - EXTENSION OF CONSTRUCTION;STUDIO 4
19125;WHITE & CASE MANILA ATG;STUDIO 2
15057;SEABREEZE VERANDA E;STUDIO 1
13095;ONE & TWO PASEO (TOWER 1);STUDIO 4
13102;DOWELL TOWER;STUDIO 3
14018;ANILAO BEACH RESORT;STUDIO 4
14107;NORTHBANK MIXED USE DEV;STUDIO 4
14112J;THE BAY HOTEL;STUDIO 3
15037;CITYGATE RETAIL COMMON AREAS  (AYALA NORTH EXCHANGE);STUDIO 3
18069;GOOGLE VERTIS NORTH ID;STUDIO 2
19242;ONE SIERRA;STUDIO 2
1506807;CALLISTO TOWER 1 - EXTENSION OF CONSTRUCTION;STUDIO 4
1607303;MANDANI BAY QUAY VO NO.3;STUDIO 5
1806903;GOOGLE VERTIS NORTH VARIATION ORDER NO.03;STUDIO 2
20149;PROJECT HOPE RESIDENTIAL MP;STUDIO 2
\N;Coron Sales Pavilion;undefined
20111;FB SHELTER IN-PLACE;STUDIO 4
20138;TRANS-ASIA OFFICE TOWERS;STUDIO 4
19218;NCC MINT;STUDIO 4
18182A;I-LAND RESIDENCES RENDRED UNIT PLANS;STUDIO 4
20062;IDESIA MODEL UNITS;STUDIO 2
1712403;SLMC DAVAO VARIATION ORDER NO. 03;STUDIO 2
2006201;IDESIA - VARIATION ORDER NO. 01;STUDIO 2
IP001;PROJECT HRIS DEPLOYMENT;undefined
1716301;SOLAIRE 3 BEDROOM SUITES VARIATION ORDER NO. 01;STUDIO 2
20161;CEBU OFFICE BUILDING;STUDIO 2
1410702;NORTHBANK EXTENSION OF CONSTRUCTION;STUDIO 4
1507524;MANDANI BAY SUITES - EXTENSION OF CONSTRUCTION;STUDIO 5
1817205;NEW SENATE BUILDING - B1-B3 VER 1;STUDIO 5
1817206;NEW SENATE BUILDING - GROUND FLOOR;STUDIO 5
1817207;NEW SENATE BUILDING - SECOND FLOOR;STUDIO 5
1713104;THE EMERALD PROJECT VARIATION ORDER 04;STUDIO 4
IP002;TERRAVIVA DESIGN COMPETITION;undefined
1712408;SLMC DAVAO VARIATION ORDER NO. 08;STUDIO 2
2006101;BPI MSE EXTENSION VO NO. 01;STUDIO 2
20175;PAZ CATALINA COLUMBARIUM ID;STUDIO 2
17131H;THE EMERALD HOTEL RESORT & CASINO- SITE ARCHITECTS;STUDIO 4
1310403;THE STILES ENTERPRISE PLAZA - EXTENSION OF CONSTRUCTION;STUDIO 3
1705601;UDENNA OFFICE INTERIORS VARIATION ORDER NO. 1;STUDIO 2
1312105;HSS VERVE 1 VARIATION ORDER;STUDIO 3
1305608;THE VERANDA VARIATION ORDER;STUDIO 3
1701403;SOUTHERN STAR - VARIATION ORDER NO. 03;STUDIO 6
1713105;EMERALD INTEGRATED RESORT- VARIATION ORDER NO. 05;STUDIO 4
20180;FULLWIN CLARK MIXED USE CONCEPT DESIGN;STUDIO 6
20185;BEACON INTERNATIONAL SCHOOL;STUDIO 4
1800905;WEST AEROPARK PHASE 2 CONSTRUCTION SERVICES - VO NO. 05;STUDIO 4
1800906;WEST AEROPARK PHASE 2 CONSTRUCTION SERVICES - VO NO. 06;STUDIO 4
1806901;GOOGLE VERTIS NORTH VARIATION ORDER NO.01;STUDIO 2
21002;PIK PROJECT KALINISAN;STUDIO 6
21006;*ONE SIERRA - ID;STUDIO 2
1806904;GOOGLE VERTIS NORTH VARIATION ORDER NO.04;STUDIO 2
20174;WIDUS EXPANSION PROJECT AOR CONSULTANCY SERVICES;STUDIO 1
21020;*MANULIFE UP TECHNOHUB;STUDIO 2
21030;IDESIA HEIGHTS MODEL UNITS ID;STUDIO 2
2017501;PAZ CATALINA COLUMBARIUM - VARIATION ORDER NO. 01;STUDIO 2
21017;FPIP PROJECT DIAGON;STUDIO 4
12064;CRIMSON BORACAY HOTEL;STUDIO 1
10011;PARK TERRACES TOWER TWO;STUDIO 4
16061;GARCIA WESTGROVE RESIDENCE;STUDIO 4
1106809;SOLSTICE  TOWER 1 - V.O. NO. 09;STUDIO 4
17162;POKER ROOM - SOLAIRE A&A;STUDIO 2
1410701;THE NORTHBANK TOWERS A & B VARIATION ORDER NO. 1;STUDIO 4
\N;Solaire Poker Room;STUDIO 2
14018Z;ANILAO STAFF HOUSE;STUDIO 4
13059;PHILAMLIFE CENTER CEBU;STUDIO 2
10129;ACC CORPORATE CENTER;STUDIO 2
13006;KIDZANIA MANILA INTERIORS;STUDIO 2
21011;SKY TOWER - BIM;STUDIO 3
19180J;NORTHGATE BLOCK 45 – DD to CS;STUDIO 3
1711501;ONE VERTIS PLAZA VARIATION ORDER 01;STUDIO 1
1711502;ONE VERTIS PLAZA VARIATION ORDER 02;STUDIO 1
16069;.BAGUIO OFFICE BUILDING;STUDIO 3
1300804;HSS VERVE TOWER 1 - VARIATION ORDER NO. 04;STUDIO 3
1303801;ABREEZA BPO 2 VARIATION ORDER NO. 1;STUDIO 3
1303802;ABREEZA BPO 2 VARIATION ORDER NO. 2;STUDIO 3
1306301;HIGH PARK TOWER 1 - VARIATION ORDER NO. 01;STUDIO 3
1405502;HIGH PARK TOWER 2 - VARIATION ORDER NO. 02;STUDIO 3
1409301;UDENNA TOWER PROJECT -VARIATION ORDER NO. 01;STUDIO 3
1506903;OREAN PLACE- VARIATION ORDER NO. 3;STUDIO 3
1722301;PATIO SUITES TOWER 2 VARIATION ORDER 1;STUDIO 3
17013;DMC MASTERPLAN;STUDIO 3
15024;BROADWAY PROJECT;STUDIO 1
20126;CLI ABACA HOTEL - ID AND EGD;STUDIO 7
21041;BEACON INTERNATIONAL SCHOOL SITE 2;STUDIO 4
1410703;NORTHBANK TOWER A - EXTENSION OF CONSTRUCTION;STUDIO 4
20175D;PAZ CATALINA COLUMBARIUM ANIMATION;STUDIO 2
21005;AMADEO MASTERPLANNING;STUDIO 4
1410704;NORTHBANK MIXED USED DEVT - VARIATION ORDER NO, 04;STUDIO 4
1817201;NEW SENATE BUILDING - VO NO. 01;STUDIO 5
1817202;NEW SENATE BUILDING - VO NO. 02;STUDIO 5
21048;PALM RESIDENCES;STUDIO 5
21042;PRI INDUSTRIAL PARK;STUDIO 4
21014;*UA&P -DAVAO;STUDIO 4
1800907;WAP PHASE 2 - 4TH EXTENSION OF CONSTRUCTION SERVICES;STUDIO 4
1800908;WAP-VARIATION ORDER NO.08;STUDIO 4
1818201;ILAND RESIDENCES - VARIATION ORDER NO. 01 (TOWER 2 RE-DESIGN);STUDIO 4
21028;CWC ARNAIZ;STUDIO 2
20107;CABADBARAN SPORTS COMPLEX;STUDIO 1
1713106;EMERALD INTEGRATED RESORT - VARIATON ORDER NO. 06;STUDIO 4
1701404;SOUTHERN STAR - 2ND EXTENSION OF CONSTRUCTION;STUDIO 6
21058;JTI GENEVA ID;STUDIO 7
1507526;MANDANI BLOCK 2 - VARIATION ORDER NO. 26;STUDIO 5
1817208;NEW SENATE BUILDING - UTILITY TAPPING POINT RELOCATION & SDP;STUDIO 5
1507528;MANDANI BAY SUITES VARIATION ORDER NO. 28;STUDIO 5
21099;RLC BUSAY MP;STUDIO 5
2101701;PROJECT DIAGON - VARIATION ORDER NO. 01;STUDIO 4
21007;DISTRICT M;STUDIO 1
1302903;GARDEN TOWERS T2- 2BD EXTENSION OF CONSTRUCTION;STUDIO 4
21074;BT PROJECT GENESIS - ID & EGD;STUDIO 7
21100;SRP MIXED-USE DEVELOPMENT;STUDIO 1
1506809;CALLISTO TOWER 2 - EXTENSION OF CONSTRUCTION SERVICES;STUDIO 4
2017502;PAZ COLUMBARIUM - VARIATION ORDER NO. 02;STUDIO 2
13102J;DOWELL TOWER - SD TO CS;STUDIO 3
16039J01;GATEWAY MALL & HOTEL VARIATION ORDER NO. 01;STUDIO 3
16039J02;GATEWAY MALL & HOTEL VARIATION ORDER NO. 02;STUDIO 3
16039J03;GATEWAY MALL & HOTEL VARIATION ORDER NO. 03;STUDIO 3
16039J04;GATEWAY MALL & HOTEL VARIATION ORDER NO. 04;STUDIO 3
16039J06;GATEWAY MALL & HOTEL VARIATION ORDER NO. 06;STUDIO 3
16039J07;GATEWAY MALL & HOTEL VARIATION ORDER NO. 07;STUDIO 3
16039J09;GATEWAY MALL & HOTEL VARIATION ORDER NO. 09;STUDIO 3
16039J10;GATEWAY MALL & HOTEL VARIATION ORDER NO. 10;STUDIO 3
16039J11;GATEWAY MALL & HOTEL VARIATION ORDER NO. 11;STUDIO 3
16039J12;GATEWAY MALL & HOTEL VARIATION ORDER NO. 12;STUDIO 3
1507304;PATIO SUITES TOWER 1 VARIATION ORDER NO. 04;STUDIO 4
2003901;PARK TERRACES SUPPLEMENTARY SERVICES - VARIATION ORDER NO. 01;STUDIO 4
2003902;PARK TERRACES SUPPLEMENTARY SERVICES - VARIATION ORDER NO. 02;STUDIO 4
2003903;PARK TERRACES SUPPLEMENTARY SERVICES - VARIATION ORDER NO. 03;STUDIO 4
20095;MENARCO TOWER 2;STUDIO 5
21078;PROJECT MERGENT PHASE 2;STUDIO 3
1410705;NORTHBANK MIXED USE DEVT - VARIATION ORDER NO. 05;STUDIO 4
16039;ACI GATEWAY MALL & HOTEL: CD-CS;STUDIO 3
1819202;TGT REDEVELOPMENT – VARIATION ORDER NO. 02;STUDIO 2
20190;WATCH TOWER - ADMIN BUILDING;STUDIO 3
1716302;SOLAIRE 3 BEDROOM SUITES – VARIATION ORDER NO. 02;STUDIO 2
1716802;SOLAIRE CASINO CEILING WAYFINDING SCOPE;STUDIO 2
1825601;SOLAIRE L3 VIP WALL – VARIATION ORDER NO. 01;STUDIO 2
1923801;SOLAIRE WATERSIDE RESTOBAR – VARIATION ORDER NO. 01;STUDIO 2
1908103;SOLAIRE VIP VILLA – VARIATION ORDER NO. 03;STUDIO 2
1816001;SOLAIRE PRESIDENTIAL AND CHAIRMAN SUITES - VARIATION ORDER NO. 01;STUDIO 2
21111;MSC CWC ARNAIZ OFFICE – DD TO CS;STUDIO 2
21124;PROFRIENDS PROJECT HOPE FACADE REDEVELOPMENT;STUDIO 2
21096;IDESIA SALES OFFICE;STUDIO 2
2017503;PAZ CATALINA COLUMBARIUM – VARIATION ORDER NO. 03;STUDIO 2
1507527;MANDANI BAY SUITES - VARIATION ORDER NO. 27;STUDIO 5
1507701;THE GENTRY -VARIATION ORDER NO. 01;STUDIO 3
1711503;ONE VERTIS PLAZA – VARIATION ORDER NO. 03;STUDIO 1
21128;BEACON INTERNATIONAL SCHOOL SITE 3 – CONCEPT STUDIES;STUDIO 4
1506904;OREAN PLACE - VARIATION ORDER NO. 04;STUDIO 3
21125;FIT DORM;STUDIO 3
11068;SOLSTICE TOWER 1;STUDIO 4
17068;MGI DISTRIBUTION CENTER;STUDIO 4
1800909;WAP PHASE 2 - 6TH EXTENSION OF CONSTRUCTION SERVICES.;STUDIO 4
21140;CLI ABACA HOTEL F&B ID WORKS;STUDIO 7
21116;*CATTLEYA PROJECT;STUDIO 2
21060;FBDC PROJECT MACE;STUDIO 3
1410706;NORTHBANK MIXED USE DEVELOPMENT - VARIATION ORDER NO. 06;STUDIO 4
21130;AQUARION SAMAL SHORES LA FAMILIA MP;STUDIO 5
21029;PROJECT GENESIS BIM;STUDIO 1
21130J;POSEIDON SAMAL SHORES CHEMAS MP;STUDIO 5
21064;PTCP SUPPLEMENTARY SERVICES;STUDIO 3
21063;SEQUOIA SUPPLEMENTARY SERVICES;STUDIO 3
1608502;110 BENAVIDEZ CITADINES ID - VARIATION ORDER NO. 02;STUDIO 3
1926102;PROJECT ELURIA - VARIATION ORDER NO. 02;STUDIO 5
1609401;PROJECT THEODORE – EXTENSION OF CONSTRUCTION;STUDIO 3
21153;*CCH PROJECT VISION;STUDIO 5
1818202;ILAND RESIDENCES - VARIATION ORDER NO. 02 (TOWER 3 RE-DESIGN);STUDIO 4
IP003;AIDEA 32ND OFFICE EXPANSION FIT-OUT;undefined
1411003;110 BENAVIDEZ RSIDENCES-VARIATION ORDER NO. 03;STUDIO 3
21087;STELLO CENTRALE;STUDIO 1
1612412;MI CASA - VARIATION ORDER NO. 12;STUDIO 5
21093;DISTRICT M DORMITEL LOD 350;STUDIO 1
21094;DISTRICT M RESIDENTIAL LOD 350;STUDIO 1
1607309;MANDANI BAY QUAY - VARIATION ORDER NO. 09;STUDIO 5
21141;IDA MNL1 DATA CENTER;STUDIO 6
16025Z;CRS-ITPII FACADE DESIGN CONSULTANCY;STUDIO 6
1602502;CIVIL REGISTRY - IT PROJECT PHASE 2 VARIATION ORDER NO. 2;STUDIO 6
1602504;CIVIL REGISTRY - IT PROJECT PHASE 2 VARIATION ORDER NO. 4;STUDIO 6
1805901;NAB2 - VARIATION ORDER NO. 01;STUDIO 3
1908101;SOLAIRE VIP VILLA VARIATION ORDER NO. 01 BUTLER'S ROOM;STUDIO 2
1908102;SOLAIRE VIP VILLA VARIATION ORDER NO. 02 SWITCHES AND RCU;STUDIO 2
1305605;THE VERANDA-VARIATION ORDER NO. 05;STUDIO 6
1701405;SOUTHERN STAR PKS BOILER BUILDING;STUDIO 6
21150;ALI PROJECT L;STUDIO 2
21168;TAFT PROPERTIES PASONG TAMO TOWERS MP;STUDIO 4
1701407;SOUTHERN STAR - 3RD EXTENSION OF CONSTRUCTION;STUDIO 6
21127;SPI BAYORAN;STUDIO 1
21115;MOLDEX MASTERPLANNING;STUDIO 1
21144;HASKELL NCL CENTER OF EXCELLENCE MANILA;STUDIO 1
21147;YONDU SOC ID;STUDIO 2
21175;*FBDC PARK TRIANGLE RETAIL MALL REDESIGN;STUDIO 1
21088;DDTKI MANDANI BAY PHASE 3A;STUDIO 5
21171;PROJECT CALATAGAN MP;STUDIO 1
1601902;PARK TRIANGLE RESIDENCES - VARIATION ORDER NO. 2;STUDIO 1
21107;ATPI PROJECT THOR;STUDIO 1
22004;*TRANS ASIA ALABANG OFFICE ID;STUDIO 2
22009;GLOBE ICONIC SOUTH WING ID;STUDIO 2
1506810;CALLISTO TOWER 1 – 2ND EXTENSION OF CONSTRUCTION SERVICES;STUDIO 4
1506811;CALLISTO TOWER 2 - 2ND EXTENSION OF CONSTRUCTION SERVICES;STUDIO 4
21135;ABL SEAFRONT TOWN CENTER;STUDIO 4
1612413;MI CASA - VARIATION ORDER NO. 13;STUDIO 5
1800910;WAP PHASE 2 - VARIATION ORDER NO. 10;STUDIO 4
1612414;MI CASA - VARIATION ORDER NO. 14;STUDIO 5
1507529;MANDANI BAY SUITES - VARIATION ORDER NO. 29;STUDIO 5
21012;ADB ID + BIM;STUDIO 7
21183;BSP COMPLEX SEMI & NON-RESTRICTED ZONES;STUDIO 6
22005;*NEW CORE MANILA POLO CLUB - F&B VERANDA;STUDIO 2
1819201;TGT REFRESH - VARIATION ORDER NO. 01;STUDIO 2
2017405;WIDUS EXPANSION – SIGNAGE CS EXTENSION;STUDIO 1
1607310;MANDANI BAY QUAY - VARIATION ORDER NO. 10;STUDIO 5
22022;BERIC COUNTRY CLUB GENEVA RENDERING;STUDIO 2
22026;CWC SUBIC WATERFRONT MP;STUDIO 2
21129;FPIP PROJECT ALPHA;STUDIO 4
21162;FPIP PROJECT DIAGON SOUTH PARCEL DEVELOPMENT;STUDIO 4
2100201;PROJECT KALINISAN - VARIATION ORDER NO.01;STUDIO 6
2100202;PROJECT KALINISAN - VARIATION ORDER NO.02;STUDIO 6
2100203;*PIK PROJECT KALINISAN - VARIATION ORDER NO. 03;STUDIO 6
1410707;NORTHBANK MIXED USE DEVELOPMENT - VARIATION ORDER NO. 07;STUDIO 4
1800911;WAP PHASE 2 - VARIATION ORDER NO. 11;STUDIO 4
IP004;30F OFFICE EXPANSION 2022;undefined
21134;BENCH HQ ID & EGD;STUDIO 4
1902302;PMW VARIATION ORDER NO. 02;STUDIO 3
1711504;ONE VERTIS PLAZA – VARIATION ORDER NO. 04;STUDIO 1
21159;ACI GM2 IBIS STYLES HOTEL BISTRO ID;STUDIO 3
1902303;PARK MCKINLEY WEST - VARIATION ORDER NO. 03;STUDIO 3
22027;CLI CDO MIXED-USE MASTERPLAN;STUDIO 4
22006;AMBERLAND EL PUEBLO OFFICE TOWER;STUDIO 4
22017;FPIP PROJECT ALPHA ID;STUDIO 4
21154;SEPI HABITAT 22 WELLNESS RESORT;STUDIO 4
1302904;GARDEN TOWERS T2 - VARIATION ORDER NO. 04;STUDIO 4
1507530;MANDANI BAY SUITES - VARIATION ORDER NO. 30;STUDIO 5
1923201;ARQ BEACH RESORT VARIATION ORDER NO. 01;STUDIO 1
1817214;NEW SENATE BUILDING - FOURTH FLOOR;STUDIO 5
1817215;NEW SENATE BUILDING - FIFTH FLOOR;STUDIO 5
1817216;NEW SENATE BUILDING - SIXTH FLOOR;STUDIO 5
1817217;NEW SENATE BUILDING - SEVENTH FLOOR;STUDIO 5
1817218;NEW SENATE BUILDING - EIGHT FLOOR;STUDIO 5
1817219;NEW SENATE BUILDING - NINTH FLOOR;STUDIO 5
1817220;NEW SENATE BUILDING - TENTH FLOOR;STUDIO 5
1817221;NEW SENATE BUILDING - ELEVENTH FLOOR;STUDIO 5
1817222;NEW SENATE BUILDING - RENDER;STUDIO 5
1817209;NEW SENATE BUILDING - BASEMENT 1 VER 2;STUDIO 5
1817210;NEW SENATE BUILDING - GROUND FLOOR VER 2;STUDIO 5
1817211;NEW SENATE BUILDING - GROUND FLOOR VER 3;STUDIO 5
1817212;NEW SENATE BUILDING - PAC TRELLIS;STUDIO 5
1817213;NEW SENATE BUILDING - THIRD FLOOR;STUDIO 5
22025;JECO CEBU PARK RESIDENCES MP;STUDIO 5
1817223;NEW SENATE BUILDING - LOWER ROOF DECK;STUDIO 5
1817224;NEW SENATE BUILDING - UPPER ROOF DECK;STUDIO 5
1817225;NEW SENATE BUILDING - FACADE SCHEME 3 RE-DESIGN;STUDIO 5
1817226;NEW SENATE BUILDING - MAIN CANOPY REDESIGN;STUDIO 5
1817227;NEW SENATE BUILDING - SKYLIGHT REDESIGN;STUDIO 5
1924204;ONE SIERRA - VARIATION ORDER NO. 04;STUDIO 2
1924205;ONE SIERRA - VARIATION ORDER NO. 05;STUDIO 2
2111101;MSC CWC ARNAIZ OFFICE – DD TO CS - VARIATION ORDER NO. 01;STUDIO 2
2102801;CWC ARNAIZ - VARIATION ORDER NO. 01;STUDIO 2
2012601;CLI ABACA HOTEL ID - VARIATION ORDER NO. 01H;STUDIO 7
22028;APMC SHOWROOM GLORIETTA 2;STUDIO 2
22059;MRI OFFICE RENOVATION;STUDIO 2
22039;PROFRIENDS AMENITY AND PARKING;STUDIO 2
22042;ESTUDIO ARKIPELAGO ANZA;STUDIO 4
1701408;SOUTHERN STAR AEROPACK - EXTENSION OF CONSTRUCTION;STUDIO 6
21012A;ADB OPC SPACE;STUDIO 7
22032;*MAPLECREST LANDBANK PLANNING WORKSHOP;STUDIO 2
1305610;THE VERANDA - 2ND EXTENSION OF CONSTRUCTION;STUDIO 6
22071;BEACON SITE 3 MC;STUDIO 4
22076;OLEO FATS OFFICE RENOVATION;STUDIO 2
22048;PREMIUMLANDS BUNAWAN MIXED-USE MP;STUDIO 2
1806905;GOOGLE VERTIS NORTH EXTENDED CA - CLOSE OUT;STUDIO 2
22055;MOLDEX SILANG SOUTHRIDGE MEDIUM RISE COMMUNITY;STUDIO 1
22044;GENVI MONTERRAZAS DE CEBU MP;STUDIO 1
22046;WIDUS EXPANSION RETAIL DESIGN GUIDELINES;STUDIO 1
22023;947 SKY TOWER;STUDIO 3
22019;BSP RESTRICTED ZONE;STUDIO 6
1701409;SOUTHERN STAR - EXTENSION OF CONSTRUCTION FOR PREMIUM, NATURA AND AEROPACK;STUDIO 6
22060;FHDC PHASE 6 AUREO;STUDIO 5
22081;DMC TAGUIG MASTERPLAN;STUDIO 5
21043;CGC CHAPEL;STUDIO 4
22043;TRANSASIA BANYAN TREE DESIGN MANAGEMENT;STUDIO 1
1716801;SOLAIRE CASINO CEILING ID VARIATION ORDER NO. 01;STUDIO 2
1924203;ONE SIERRA - VARIATION ORDER NO. 03;STUDIO 2
1924202;*ONE SIERRA - LANDSCAPE;STUDIO 2
22070;PCFI RENDERING SERVICES;STUDIO 2
1701406;SOUTHERN STAR – VARIATION ORDER NO. 06;STUDIO 6
22051;SOP CORON MP ZONE A;STUDIO 5
1506812;CALLISTO TOWER 1 - 3RD EXTENSION OF CONSTRUCTION;STUDIO 4
1506813;CALLISTO TOWER 2 - 3RD EXTENSION OF CONSTRUCTION;STUDIO 4
22011;PRISTINA NORTH TOWN;STUDIO 4
22089;P.A. PROPERTIES IDESIA CABUYAO ID;STUDIO 2
2017504;PAZ CATALINA COLUMBARIUM – CD TO CS;STUDIO 2
22072;JPMC MANILA IFC OFFICE ID;STUDIO 8
16039J13;GATEWAY MALL & HOTEL - EXTENSION OF CONSTRUCTION;STUDIO 3
22086;HSS VERVE TOWER 1 – SUPPLEMENTARY SERVICES;STUDIO 3
22087;HSS VERVE TOWER 2 – SUPPLEMENTARY SERVICES;STUDIO 3
22088;TWO MARIDIEN - SUPPLEMENTARY SERVICES;STUDIO 3
2114101;VO NO. 01 - IDA DATA CENTER ID;STUDIO 6
1310402;THE STILES ENTERPRISE PLAZA - VARIATION ORDER NO. 02;STUDIO 3
2105801;JTI GENEVA ID - VARIATION ORDER NO. 01;STUDIO 7
2105802;JTI GENEVA ID - VARIATION ORDER NO. 02;STUDIO 7
1612415;MI CASA - VARIATION ORDER NO. 15;STUDIO 5
22045;RLC MONTCLAIR PAMPANGA DSG;STUDIO 1
2111102;MSC CWC ARNAIZ OFFICE DD TO CS - REDESIGN UPDATE;STUDIO 2
1906501;BAGUIO OFFICE - EXTENSION OF CONSTRUCTION;STUDIO 3
22105;BPI BFB HEAD OFFICE CODE REVIEW;STUDIO 3
2017506;PAZ CATALINA COLUMBARIUM - VARIATION ORDER NO. 06;STUDIO 2
2105803;JTI GENEVA ID - PLOOM CAFE AND IMAGINARIUM REDESIGN;STUDIO 7
2017403;WIDUS EXPANSION PROJECT AOR - VARIATION ORDER NO. 03;STUDIO 1
2017404;WIDUS EXPANSION PROJECT AOR - VARIATION ORDER NO. 04;STUDIO 1
2105804;JTI GENEVA ID - 6TH FLOOR MODELING AND EXCOM OFFICE REDESIGN;STUDIO 7
2019001;WATCH TOWER - EXTENSION OF CONSTRUCTION;STUDIO 3
22098;WEST GROVE RESORT EXPANSION;STUDIO 5
1612416;MI CASA - 2ND EXTENSION OF CONSTRUCTION;STUDIO 5
1817228;NEW SENATE BUILDING - VARIATION ORDER NO. 28;STUDIO 5
22126;CGC OFFICE TEST PLAN;STUDIO 4
1410708;NORTHBANK FOUNDRY MALL - AR REVISIONS;STUDIO 4
1801601;*UST GENSAN CAMPUS - EXTENSION OF CONSTRUCTION;STUDIO 1
22029;BEACON INTERNATIONAL SCHOOL SITE 3;STUDIO 4
1601701;PROJECT CHEWEE - BPO CS EXTENSION;STUDIO 1
16039J14;ACI GM2 CHURCH REVISION;STUDIO 3
16039J15;ACI GM2 CINEMA ATRIUM;STUDIO 3
21022;NAB3 BIM CSD;STUDIO 3
22131;PENG LAI SITE REDEVELOPMENT;STUDIO 5
1902301;PARK MCKINLEY WEST PHASE 2A;STUDIO 3
1701410;SOUTHERN STAR - VARIATION ORDER NO. 10;STUDIO 6
2100205;PIK PROJECT KALINISAN - AR VO;STUDIO 6
2100206;PIK PROJECT KALINISAN - ID VO;STUDIO 6
2100207;PIK PROJECT KALINISAN - MEPF VO;STUDIO 6
20067;ANVAYA COVE N10;STUDIO 1
22113;CLI MANRESA RESIDENTIAL;STUDIO 4
22129;BT SALES LOUNGE & RESIDENTIAL SHOW UNIT;STUDIO 2
2204201;ESTUDIO PROJECT ANZA - CFA INCREASE;STUDIO 4
2010501;DGT SE BLOCK RESIDENCES - VARIATION ORDER NO. 01;STUDIO 4
2105805;JTI GENEVA ID - EGD;STUDIO 7
22127;TGT REFRESH 2.0;STUDIO 2
22128;MYNT OFFICE FIT-OUT;STUDIO 7
1722401;COURTYARD BY MARRIOTT CEBU VARIATION ORDER NO. 1;STUDIO 1
22109;GLOBE YONDU 7F OFFICE ID;STUDIO 7
21012B;ADB BPMSD SPACE;STUDIO 7
22136;STT GDC OFFICE FIT-OUT;STUDIO 7
2207001;PCFI RENDERING SERVICES – ADDITIONAL 4 LIFESTYLE SHOTS;STUDIO 2
1612417;MI CASA - VARIATION ORDER NO. 17;STUDIO 5
2116201;PROJECT DIAGON SOUTH PARCEL DEVELOPMENT - INCREASE IN AREA;STUDIO 4
22140;MOLDEX RESIDENTIAL CONDOMINIUM;STUDIO 3
2017406;WIDUS EXPANSION PROJECT AOR – EXTENSION OF CONSTRUCTION;STUDIO 1
22135;METROGATE SILANG CAVITE EXPANSION;STUDIO 3
1911201;ARUP OFFICE FIT-OUT VARIATION ORDER NO. 01;STUDIO 2
2115001;ALI PROJECT L - VARIATION ORDER NO. 01;STUDIO 2
2118301;BSP SNR ZONES– VARIATION ORDER NO. 01;STUDIO 6
2012801;PROJECT GENESIS AR - RESIDENT ARCHITECT;STUDIO 1
22134;URBAN HIVE MP;STUDIO 3
1923202;ARQ BEACH RESORT - VARIATION ORDER NO. 02;STUDIO 1
1817229;NEW SENATE BUILDING - PHASE 1 EXTENSION OF CONSTRUCTION;STUDIO 5
22161;FRIDAYS BORACAY MP;STUDIO 3
1800912;WAP PHASE 2 - VARIATION ORDER NO. 12;STUDIO 4
22150;SATORI PROJECT ROCKET;STUDIO 6
22165;PROJECT ROCKET DEMOLITION PACKAGE;STUDIO 6
22152;BULIHAN CIRCLE*;STUDIO 5
22120;ALP NUVALI MRB D&B;STUDIO 1
22167;WAP B3 CONSTRUCTION SERVICES;STUDIO 4
22145;AEON BLEU - TOWERS 4 AND 6;STUDIO 5
1506814;CALISTO TOWER 1 - 4TH CA EXTENSION;STUDIO 4
1506815;CALISTO TOWER 2 - 4TH CA EXTENSION;STUDIO 4
1302905;GARDEN TOWERS T2 - 4TH CA EXTENSION;STUDIO 4
22077;SLMC ASEANA;STUDIO 2
22139;947 SKY TOWER AMENITY AREA ID;STUDIO 7
22163;ARUP PROJECT LUNA;STUDIO 6
2112501;*FIT DORM - EXTENSION OF CONSTRUCTION;STUDIO 3
22173;ABACA RESORT SOGOD CEBU;STUDIO 3
22176;SALESIAN MEMORIAL GARDEN COLUMBARIUM;STUDIO 3
1909901;PROJECT AZUELA - VARIATION ORDER NO. 01;STUDIO 3
1909902;PROJECT AZUELA - VARIATION ORDER NO. 02;STUDIO 3
1909903;PROJECT AZUELA - VARIATION ORDER NO. 03;STUDIO 3
1506905;OREAN PLACE - VARIATION ORDER NO. 05;STUDIO 3
23010;CWC ARNAIZ ID;STUDIO 2
1807801;OREAN PLACE TOWER 2 - VARIATION ORDER NO. 01;STUDIO 3
1722303;*PATIO SUITES TOWER 2 - FAÇADE REVISION;STUDIO 3
1722304;*PATIO SUITES TOWER 2 - REVISED GF PER IRR;STUDIO 3
1908001;VIBE TOWER 3 - VARIATION ORDER NO. 01;STUDIO 3
1908002;VIBE TOWER 3 - RESUBMISSION OF DD PLANS;STUDIO 3
1908003;VIBE TOWER 3 - VARIATION ORDER NO. 03;STUDIO 3
1908004;VIBE TOWER 3 - CONSOLIDATED VOS;STUDIO 3
22118;XU CAMPUS OF THE FUTURE;STUDIO 4
22054;ABACA NUSTAR BAKING COMPANY;STUDIO 7
23008;*CHEMPHIL TEST FIT;STUDIO 2
22175;DON BOSCO NEW ZATTI HOUSE;STUDIO 3
1902304;PMW PH2 ID - REVISED MATERIAL FINISHES OF COMMON AREA AND AMENITIES;STUDIO 3
23001;*HOLY SPIRIT TAGAYTAY MP;STUDIO 3
2212701;TGT REFRESH 2.0 - REDESIGN UPDATE;STUDIO 2
21032;SAMAL SHORES AVP RENDERS;STUDIO 5
23009;BALTIMORE OFFICE MP;STUDIO 4
23014;GSIS CGC CONCEPT;STUDIO 4
2112901;PROJECT ALPHA - RECONFIGURATION OF MP;STUDIO 4
1506816;CALLISTO TOWER 1 – 4TH CA EXTENSION;STUDIO 4
1506817;CALLISTO TOWER 2 - 4TH CS EXTENSION;STUDIO 4
1818207;ILAND RESIDENCES - 1ST CA EXTENSION TOWER 1;STUDIO 4
1302906;GARDEN TOWERS T2 - 5TH CA EXTENSION;STUDIO 4
1817230;NEW SENATE BUILDING - PHASE 2;STUDIO 5
23017;CALIRAYA MASTERPLAN;STUDIO 5
23036;WAP THREE WEST RECEPTION ID;STUDIO 4
2112902;PROJECT ALPHA - INCREASE IN CFA;STUDIO 4
23056;CGIF TEST FIT;STUDIO 7
23007;IRISH EMBASSY FIT-OUT;STUDIO 7
23039;WORLD BALANCE FELIZ ID;STUDIO 2
1711508;ONE VERTIS PLAZA - FOOD HALL LIGHTING DESIGN;STUDIO 1
23022;ADB OAG CTL TD;STUDIO 7
2201701;PROJECT ALPHA ID - INCREASE IN CFA;STUDIO 4
23038;FLI BIÑAN VILLAGE CLUBHOUSE AND GUARDHOUSES;STUDIO 5
1608503;110 BENAVIDEZ CITADINES ID – 2ND EXTENSION OF CONSTRUCTION;STUDIO 3
23019;DGT SE RESIDENCES ID;STUDIO 4
23041;EPLDT VSR VISUALIZATION;STUDIO 6
16039J17;ACI GM2 - A&E 2ND CS EXTENSION;STUDIO 3
1608501;110 BENAVIDEZ CITADINES ID VARIATION ORDER NO. 01;STUDIO 3
23057;ADB ACCESSIBILITY COMPLIANCE;STUDIO 3
1711507;ONE VERTIS PLAZA - LPI CS EXTENSION;STUDIO 1
2106002;PROJECT MACE - EXTERIOR VALUE ENGINEERING DESIGN;STUDIO 3
23042;FRIDAYS BORACAY;STUDIO 3
1403206;PADDINGTON PLACE - VARIATION ORDER NO. 06;STUDIO 1
23072;UPTOWN GLOBAL RESIDENCE;STUDIO 3
1906502;*BAGUIO OFFICE - 2ND CA EXTENSION;STUDIO 3
23067;ILOILO BUSINESS PARK RESIDENTIAL CONDO 7;STUDIO 3
23046;ONE WESTPARK RESIDENCES (MWC4 / PMW3);STUDIO 3
23078;MACTAN NEWTOWN RESIDENTIAL CONDOMINIUM 8;STUDIO 3
23079;MCKINLEY WEST RESIDENTIAL CONDOMINIUM 5;STUDIO 4
23068;MANHATTAN PLAZA ICON TOWER;STUDIO 2
2207201;JPMC MANILA IFC OFFICE ID – ADDITIONAL LOBBY AREA;STUDIO 8
2207203;JPMC OFFICE ID - LIGHTING;STUDIO 7
2207205;JPMC OFFICE ID – LEVELS 19 - 20;STUDIO 8
23086;FROSCH IFC 17F;STUDIO 8
23087;CXLOYALTY IFC 17F - 18F;STUDIO 8
23082;ILOILO BUSINESS PARK RESIDENTIAL CONDO 7 – BIM;STUDIO 3
23044;FPIP PROJECT DIAGON ANIMATION;STUDIO 4
22056;DLI SKY TOWER RESIDENCES BIM;STUDIO 3
1507702;THE GENTRY - 2ND EXTENSION OF CONSTRUCTION;STUDIO 3
2201101;PRISTINA NORTH TOWN - PH1 REDESIGN;STUDIO 4
23118;SLMC W 5TH OFFICE ID;STUDIO 7
1722305;PATIO SUITES TOWER 2 - CA EXTENSION;STUDIO 3
16039J16;ACI GM2 - ID CS EXTENSION;STUDIO 3
2106001;FBDC PROJECT MACE - INCREASE IN CFA;STUDIO 3
1601702;PROJECT CHEWEE - RETAIL CA EXTENSION;STUDIO 1
1601903;PARK TRIANGLE RESIDENCES - 2ND CA EXTENSION;STUDIO 1
23112;CHEMPHIL BUILDING RENOVATION;STUDIO 3
23100;SONAK HQ;STUDIO 2
23092;PHOENIX OFFICE FIT-OUT;STUDIO 7
1711506;ONE VERTIS PLAZA – VARIATION ORDER NO. 06;STUDIO 1
23052;ALP PROJECT GENESIS;STUDIO 5
23122;FNG LANCASTER ENCLAVE 2 - PACKAGE 1;STUDIO 5
23123;FNG LANCASTER ENCLAVE 2 - PACKAGE 2;STUDIO 5
2213601;STT GDC OFFICE FIT OUT - 3D VIDEO WALK-THRU;STUDIO 7
22153;BULIHAN CIRCLE CONCEPT MP;STUDIO 5
22154;MALVAR HOSPITAL;STUDIO 2
23018;KEYLAND KATIPUNAN CONDO-DORM;STUDIO 3
23097;AMANI TOWER;STUDIO 6
2110703;PROJECT THOR – LEED;STUDIO 1
23129;*FIRST BALFOUR HO REFRESH;STUDIO 7
1815101;PROJECT GARNET - VARIATION ORDER NO. 01;STUDIO 1
23128;LANDMARK EXTENSION & SECONDARY BRIDGE – ID;STUDIO 7
23163;*SLMC EXPANSION GROUP OFFICE ID;STUDIO 2
23101;MCKINLEY WEST CONDO 4 (PARK MCKINLEY WEST PHASE 3) – ID;STUDIO 7
23140;UNIQLO WAREHOUSE CODE REVIEW;STUDIO 2
23035;AEON STUDIOS;STUDIO 5
23145;UPTOWN GLOBAL RESIDENCE - RENDERING;STUDIO 3
23138;MACTAN NEWTOWN RESIDENTIAL CONDOMINIUM 8 - ID;STUDIO 3
23108;ONE WESTPARK RESIDENCES (MWC4 / PMW3) - RENDERING;STUDIO 3
23136;MCKINLEY WEST RESIDENTIAL CONDOMINIUM 5 - ID;STUDIO 4
23144;ILOILO BUSINESS PARK RESIDENTIAL CONDO 7 - RENDERING;STUDIO 3
23146;MCKINLEY WEST RESIDENTIAL CONDOMINIUM 5 - RENDERING;STUDIO 4
23147;MACTAN NEWTOWN RESIDENTIAL CONDOMINIUM 8 - RENDERING;STUDIO 3
23134;ILOILO BUSINESS PARK RESIDENTIAL CONDO 7 - ID;STUDIO 3
23137;MANHATTAN PLAZA ICON TOWER - ID;STUDIO 2
23135;UPTOWN GLOBAL RESIDENCE - ID;STUDIO 3
2108701;STELLO CENTRALE - DESIGN CHANGES;STUDIO 1
2208101;DMC TAGUIG MASTERPLAN - VARIATION ORDER NO. 01;STUDIO 5
23061;CITY GARDEN NUVALI;STUDIO 1
23105;TEAM BUILDING CAMP 2 MP;STUDIO 5
23161;947 SKY TOWER AVP;STUDIO 3
2204402;GENVI MONTERRAZAS DE CEBU - INDIVIDUAL LOT PLANS AND SALEABLE LOTS;STUDIO 1
23184;*PANGHULAN SUITE;STUDIO 5
2109601;IDESIA SALES OFFICE - REDESIGN;STUDIO 2
23026;MANRESA AMENITY AREAS ID;STUDIO 4
23154;PRISTINA NORTH TOWN ID;STUDIO 4
1506818;CALLISTO TOWER 1 - 5TH CA EXTENSION;STUDIO 4
1506819;CALLISTO TOWER 2 - 5TH CA EXTENSION;STUDIO 4
16039J18;ACI GM2 - ID 2ND CS EXTENSION;STUDIO 3
16039J19;ACI GM2 - A&E 3RD CS EXTENSION;STUDIO 3
23170;BPI ATG WEALTH FLOOR ID;STUDIO 7
23190;HSSCP TOWERS 1 & 2 SUPPLEMENTARY SERVICES;STUDIO 4
1507501;MANDANI BLOCK 2 - VARIATION ORDER NO. 01;STUDIO 5
1507502;MANDANI BLOCK 2 - VARIATION ORDER NO. 02;STUDIO 5
1507503;MANDANI BLOCK 2 - VARIATION ORDER NO. 03;STUDIO 5
1507505;MANDANI BLOCK 2 - VARIATION ORDER NO. 05;STUDIO 5
23109;NEW MARKET DUE DILIGENCE PH;STUDIO 6
23157;ILOILO BUSINESS PARK RESIDENTIAL CONDO 7 - LANDSCAPE;STUDIO 3
23158;UPTOWN GLOBAL RESIDENCE - LANDSCAPE;STUDIO 3
23080;UPTOWN GLOBAL RESIDENCE - BIM;STUDIO 3
23083;MCKINLEY WEST RESIDENTIAL CONDOMINIUM 5 - BIM;STUDIO 4
23159;MCKINLEY WEST RESIDENTIAL CONDOMINIUM 5 - LANDSCAPE;STUDIO 4
23160;MACTAN NEWTOWN RESIDENTIAL CONDOMINIUM 8 - LANDSCAPE;STUDIO 3
23211;JPMC BANGALORE TEST FIT;STUDIO 7
1818203;I-LAND RESIDENCES TOWER 4 REDESIGN;STUDIO 4
23192;DPWH BUTUAN ID;STUDIO 7
23180;BAYUGAN COMMUNITY HOSPITAL;STUDIO 2
23188;AEON TOWER 3 ID;STUDIO 7
23194;DGT T5 T6 RENDERING;STUDIO 4
1926105;PROJECT ELURIA - VARIATION ORDER NO. 05;STUDIO 5
23142;CBRE TDD ID MUMBAI;STUDIO 7
1902305;PARK MCKINLEY WEST – 1ST CA EXTENSION;STUDIO 3
1607312;MANDANI BAY QUAY - 1ST CS EXTENSION;STUDIO 5
23116;BPI BRANCHES FACADE DSG;STUDIO 2
1908005;VIBE TOWER 3 - GF AND CURTAIN WALL REVISIONS;STUDIO 3
1908006;VIBE TOWER 3 - APMC MAINTAINABILITY;STUDIO 3
1908007;VIBE TOWER 3 - 3BDRM UNIT ADJUSTMENTS;STUDIO 3
1922702;CLI ABACA HOTEL CS EXTENSION;STUDIO 3
1907702;W OFFICE BGC - CD ADDITIONAL BASEMENT;STUDIO 3
2212802;MYNT OFFICE - VARIATION ORDER NO. 2;STUDIO 7
23214;ADB CGIF;STUDIO 7
2012602;CLI ABACA HOTEL ID - BOH REPLANNING 2;STUDIO 7
2012603;CLI ABACA HOTEL ID - FOH DESIGN REVISIONS;STUDIO 7
2012604;CLI ABACA HOTEL ID - ADDITIONAL GUEST UNIT TYPES;STUDIO 7
2012605;CLI ABACA HOTEL ID - DESIGN REVISIONS AND PATISSERIE DESIGN;STUDIO 7
2216302;ARUP PROJECT LUNA - 3D VIDEO WALKTHROUGH;STUDIO 6
23186;PROJECT PHOENIX MP;STUDIO 4
23203;FNG LANCASTER ENCLAVE 2 - PACKAGE 3;STUDIO 5
23195;ADMU CENTRAL ADMIN BLDG.;STUDIO 2
2206001;FERENZO PH 6 AUREO - ADJUSTED BUILDING HEIGHT;STUDIO 5
1817231;NEW SENATE BUILDING - RDAED FOR 7TH TO 11TH FLOORS (PHASE 2);STUDIO 5
23234;FOUR WEST AND FIVE WEST AEROPARK;STUDIO 4
22110;UST GENSAN SCIENCE BUILDING;STUDIO 1
23199;CAPE CORAL CONCEPT;STUDIO 1
23243;38 PARK AVENUE PHASE 2;STUDIO 3
23006;AEON BLEU - TOWER 5;STUDIO 5
1926104;PROJECT ELURIA - INTERIOR DOCUMENTATION;STUDIO 5
1826001;PARKFORD SUITES – 1ST CA EXTENSION;STUDIO 3
24008;JPMC EMBASSY TOWER 1 TEST FIT;STUDIO 8
24009;JPMC EMBASSY TOWER 3 TEST FIT;STUDIO 7
2212801;MYNT OFFICE FIT OUT - BOARDROOM RENOVATION;STUDIO 7
24012;OKADA MP MSRF0000;STUDIO 6
24013;ADB LEVEL 4;STUDIO 7
23229;CALUYA MUNICIPAL HALL ID;STUDIO 7
2309703;AMANI TOWER - TIA;STUDIO 6
23155;THE FORT REDEVELOPMENT MP;STUDIO 1
1909904;PROJECT AZUELA - PODIUM RE-PLANNING;STUDIO 3
24001;THE SERENE ALABANG;STUDIO 3
2107402;BT PROJECT GENESIS ID & EGD - GUESTROOM TYPES DEV'T;STUDIO 7
2107403;BT PROJECT GENESIS ID & EGD - RESIDENTIAL UNIT TYPES DEV'T;STUDIO 7
2107404;BT PROJECT GENESIS ID & EGD - BI-LEVEL PENTHOUSE UNIT DEV'T;STUDIO 7
2107405;BT PROJECT GENESIS ID & EGD - PREVIOUS ATRIUM FLOORS UNIT DEV'T;STUDIO 7
24021;BANYAN TREE - GUESTROOM MOCK-UP;STUDIO 7
2309702;AMANI TOWER – FAÇADE & BUILDING MAINTENANCE UNIT;STUDIO 6
2309704;AMANI TOWER - SITE SURVEYING;STUDIO 6
1920401;*BGC WESTGATE PARKING - TUNNEL DESIGN;STUDIO 1
23237;LANDMARK MANILA BAY - ID;STUDIO 8
24016;MYNT EGD;STUDIO 9
1926107;PROJECT ELURIA - BIM ATTENDANCE;STUDIO 5
1926109;PROJECT ELURIA - RESIDENTIAL FINISHES RENDER;STUDIO 5
2206002;FHDC PH6 AUREO - ADDITIONAL DETAILED DESIGN PACKAGE;STUDIO 5
24024;BULIHAN CIRCLE CENTRAL PARK;STUDIO 5
2309706;AMANI TOWER - LIGHTING DESIGN;STUDIO 6
2309701;AMANI TOWER - LANDSCAPE;STUDIO 6
1506820;CALLISTO TOWER 1 - 6TH CA EXTENSION;STUDIO 4
1506821;CALLISTO TOWER 2 - 6TH CA EXTENSION;STUDIO 4
22137;PROJECT M;STUDIO 2
2309705;AMANI TOWER - ACOUSTIC AND SECURITY DESIGN;STUDIO 6
23216;BWDC RESIDENTIAL TOWER ID;STUDIO 8
2309707;AMANI TOWER - WIND TUNNEL TESTING;STUDIO 6
1926106;PROJECT ELURIA - GF, 2F, 9F, AND 10F LAYOUT REVISIONS;STUDIO 5
2308601;FROSCH IFC - LIGHTING;STUDIO 8
23236;BENCH HQ - ID BIM;STUDIO 4
1711511;ONE VERTIS PLAZA - ARCHITECTURAL CA EXTENSION;STUDIO 1
24033;W SIXTH CONVERSION TEST FIT;STUDIO 3
2213701;PROJECT M - ADDITIONAL RENDERS;STUDIO 2
2309709;AMANI TOWER - EDGE CONSULTANCY;STUDIO 6
1817232;NEW SENATE BUILDING – SENATORS’ OFFICES ID;STUDIO 5
